<?xml version="1.0" encoding="UTF-8"?>
<metadata xml:lang="en"><Esri><CreaDate>20210115</CreaDate><CreaTime>15331700</CreaTime><ArcGISFormat>1.0</ArcGISFormat><SyncOnce>FALSE</SyncOnce><DataProperties><itemProps><itemLocation><linkage Sync="TRUE">file://\\USDA.NET\fs\DataCenter\Citrix\Home11\jascott\My Documents\ArcGIS\Default.gdb</linkage><protocol Sync="TRUE">Local Area Network</protocol></itemLocation><itemName Sync="TRUE">aoi2_3veguplands_Dissolve</itemName><imsContentType Sync="TRUE">002</imsContentType><nativeExtBox><westBL Sync="TRUE">492325.812500</westBL><eastBL Sync="TRUE">734572.375000</eastBL><southBL Sync="TRUE">5236778.000000</southBL><northBL Sync="TRUE">5371446.500000</northBL><exTypeCode Sync="TRUE">1</exTypeCode></nativeExtBox><itemSize Sync="TRUE">0.000</itemSize></itemProps><coordRef><type Sync="TRUE">Projected</type><geogcsn Sync="TRUE">GCS_North_American_1983</geogcsn><csUnits Sync="TRUE">Linear Unit: Meter (1.000000)</csUnits><projcsn Sync="TRUE">NAD_1983_UTM_Zone_15N</projcsn><peXml Sync="TRUE">&lt;ProjectedCoordinateSystem xsi:type='typens:ProjectedCoordinateSystem' xmlns:xsi='http://www.w3.org/2001/XMLSchema-instance' xmlns:xs='http://www.w3.org/2001/XMLSchema' xmlns:typens='http://www.esri.com/schemas/ArcGIS/10.7'&gt;&lt;WKT&gt;PROJCS[&amp;quot;NAD_1983_UTM_Zone_15N&amp;quot;,GEOGCS[&amp;quot;GCS_North_American_1983&amp;quot;,DATUM[&amp;quot;D_North_American_1983&amp;quot;,SPHEROID[&amp;quot;GRS_1980&amp;quot;,6378137.0,298.257222101]],PRIMEM[&amp;quot;Greenwich&amp;quot;,0.0],UNIT[&amp;quot;Degree&amp;quot;,0.0174532925199433]],PROJECTION[&amp;quot;Transverse_Mercator&amp;quot;],PARAMETER[&amp;quot;False_Easting&amp;quot;,500000.0],PARAMETER[&amp;quot;False_Northing&amp;quot;,0.0],PARAMETER[&amp;quot;Central_Meridian&amp;quot;,-93.0],PARAMETER[&amp;quot;Scale_Factor&amp;quot;,0.9996],PARAMETER[&amp;quot;Latitude_Of_Origin&amp;quot;,0.0],UNIT[&amp;quot;Meter&amp;quot;,1.0],AUTHORITY[&amp;quot;EPSG&amp;quot;,26915]]&lt;/WKT&gt;&lt;XOrigin&gt;-5120900&lt;/XOrigin&gt;&lt;YOrigin&gt;-9998100&lt;/YOrigin&gt;&lt;XYScale&gt;10000&lt;/XYScale&gt;&lt;ZOrigin&gt;-100000&lt;/ZOrigin&gt;&lt;ZScale&gt;10000&lt;/ZScale&gt;&lt;MOrigin&gt;-100000&lt;/MOrigin&gt;&lt;MScale&gt;10000&lt;/MScale&gt;&lt;XYTolerance&gt;0.001&lt;/XYTolerance&gt;&lt;ZTolerance&gt;0.001&lt;/ZTolerance&gt;&lt;MTolerance&gt;0.001&lt;/MTolerance&gt;&lt;HighPrecision&gt;true&lt;/HighPrecision&gt;&lt;WKID&gt;26915&lt;/WKID&gt;&lt;LatestWKID&gt;26915&lt;/LatestWKID&gt;&lt;/ProjectedCoordinateSystem&gt;</peXml></coordRef><lineage><Process ToolSource="e:\arcgis\desktop10.7\ArcToolbox\Toolboxes\Analysis Tools.tbx\Clip" Date="20210115" Time="151443">Clip veguplands AOI2_3 T:\FS\NFS\WOWatershedFishWildlife\Program\NSAEC\Hydrology\Julian\T_Drive_jascott\GreatGreyOwl\aoi2_3veguplands.shp #</Process><Process ToolSource="e:\arcgis\desktop10.7\ArcToolbox\Toolboxes\Data Management Tools.tbx\Dissolve" Date="20210115" Time="153158">Dissolve aoi2_3veguplands "\\USDA.NET\fs\DataCenter\Citrix\Home11\jascott\My Documents\ArcGIS\Default.gdb\aoi2_3veguplands_Dissolve" # # MULTI_PART DISSOLVE_LINES</Process></lineage></DataProperties><SyncDate>20210115</SyncDate><SyncTime>15315300</SyncTime><ModDate>20210115</ModDate><ModTime>15315300</ModTime></Esri><dataIdInfo><envirDesc Sync="TRUE"> Version 6.2 (Build 9200) ; Esri ArcGIS 10.7.1.11595</envirDesc><dataLang><languageCode value="eng" Sync="TRUE"></languageCode><countryCode value="USA" Sync="TRUE"></countryCode></dataLang><idCitation><resTitle Sync="TRUE">aoi2_3veguplands_Dissolve</resTitle><presForm><PresFormCd value="005" Sync="TRUE"></PresFormCd></presForm></idCitation><spatRpType><SpatRepTypCd value="001" Sync="TRUE"></SpatRepTypCd></spatRpType><dataExt><geoEle><GeoBndBox esriExtentType="search"><exTypeCode Sync="TRUE">1</exTypeCode><westBL Sync="TRUE">-93.103877</westBL><eastBL Sync="TRUE">-89.827380</eastBL><northBL Sync="TRUE">48.496140</northBL><southBL Sync="TRUE">47.242538</southBL></GeoBndBox></geoEle></dataExt><dataExt><exDesc>publication date</exDesc><tempEle><TempExtent><exTemp><TM_Instant><tmPosition>2020-01-29</tmPosition></TM_Instant></exTemp></TempExtent></tempEle></dataExt></dataIdInfo><mdLang><languageCode value="eng" Sync="TRUE"></languageCode><countryCode value="USA" Sync="TRUE"></countryCode></mdLang><distInfo><distFormat><formatName Sync="TRUE">File Geodatabase Feature Class</formatName></distFormat><distTranOps><transSize Sync="TRUE">0.000</transSize></distTranOps></distInfo><mdHrLv><ScopeCd value="005" Sync="TRUE"></ScopeCd></mdHrLv><mdHrLvName Sync="TRUE">dataset</mdHrLvName><refSysInfo><RefSystem><refSysID><identCode code="26915" Sync="TRUE"></identCode><idCodeSpace Sync="TRUE">EPSG</idCodeSpace><idVersion Sync="TRUE">6.13(3.0.1)</idVersion></refSysID></RefSystem></refSysInfo><spatRepInfo><VectSpatRep><geometObjs Name="aoi2_3veguplands_Dissolve"><geoObjTyp><GeoObjTypCd value="002" Sync="TRUE"></GeoObjTypCd></geoObjTyp><geoObjCnt Sync="TRUE">0</geoObjCnt></geometObjs><topLvl><TopoLevCd value="001" Sync="TRUE"></TopoLevCd></topLvl></VectSpatRep></spatRepInfo><spdoinfo><ptvctinf><esriterm Name="aoi2_3veguplands_Dissolve"><efeatyp Sync="TRUE">Simple</efeatyp><efeageom code="4" Sync="TRUE"></efeageom><esritopo Sync="TRUE">FALSE</esritopo><efeacnt Sync="TRUE">0</efeacnt><spindex Sync="TRUE">TRUE</spindex><linrefer Sync="TRUE">FALSE</linrefer></esriterm></ptvctinf></spdoinfo><eainfo><detailed Name="aoi2_3veguplands_Dissolve"><enttyp><enttypl Sync="TRUE">aoi2_3veguplands_Dissolve</enttypl><enttypt Sync="TRUE">Feature Class</enttypt><enttypc Sync="TRUE">0</enttypc></enttyp><attr><attrlabl Sync="TRUE">OBJECTID</attrlabl><attalias Sync="TRUE">FID</attalias><attrtype Sync="TRUE">OID</attrtype><attwidth Sync="TRUE">4</attwidth><atprecis Sync="TRUE">0</atprecis><attscale Sync="TRUE">0</attscale><attrdef Sync="TRUE">Internal feature number.</attrdef><attrdefs Sync="TRUE">Esri</attrdefs><attrdomv><udom Sync="TRUE">Sequential unique whole numbers that are automatically generated.</udom></attrdomv></attr><attr><attrlabl Sync="TRUE">SHAPE</attrlabl><attalias Sync="TRUE">Shape</attalias><attrtype Sync="TRUE">Geometry</attrtype><attwidth Sync="TRUE">0</attwidth><atprecis Sync="TRUE">0</atprecis><attscale Sync="TRUE">0</attscale><attrdef Sync="TRUE">Feature geometry.</attrdef><attrdefs Sync="TRUE">Esri</attrdefs><attrdomv><udom Sync="TRUE">Coordinates defining the features.</udom></attrdomv></attr><attr><attrlabl Sync="TRUE">Shape_Length</attrlabl><attalias Sync="TRUE">Shape_Length</attalias><attrtype Sync="TRUE">Double</attrtype><attwidth Sync="TRUE">8</attwidth><atprecis Sync="TRUE">0</atprecis><attscale Sync="TRUE">0</attscale><attrdef Sync="TRUE">Length of feature in internal units.</attrdef><attrdefs Sync="TRUE">Esri</attrdefs><attrdomv><udom Sync="TRUE">Positive real numbers that are automatically generated.</udom></attrdomv></attr><attr><attrlabl Sync="TRUE">SHAPE_Area</attrlabl><attalias Sync="TRUE">Shape_Area</attalias><attrtype Sync="TRUE">Double</attrtype><attwidth Sync="TRUE">8</attwidth><atprecis Sync="TRUE">0</atprecis><attscale Sync="TRUE">0</attscale><attrdef Sync="TRUE">Area of feature in internal units squared.</attrdef><attrdefs Sync="TRUE">Esri</attrdefs><attrdomv><udom Sync="TRUE">Positive real numbers that are automatically generated.</udom></attrdomv></attr></detailed></eainfo><mdDateSt Sync="TRUE">20210115</mdDateSt><dqInfo><dataLineage><dataSource><srcDesc>Geospatial Interface Visualization: 
HelpId: 690
DistributedIndicator: N
ProcessId: 59c7d147-2a6d-4e28-8d21-54fadf39235b
ProcessName: FSVeg-Sp R09 Extract Vegetation Polygons RSW
OwnerName: R9
Registry: REGION 09
ProcessType: Visualization
Purpose: Retrieve FSVeg spatial vegetation polygon data from the data center and attach tabular data to features for subsequent use.  RSW attaches R09 regional standard fields.

Edited 22 Feb 2012 to reflect changes in underlying tables, and further edited on 28 Feb 2012 to remove duplicate records caused by unarchived inventory polygons.  Edited 14 May 2012 to remove -1 from null values in BA, DBH, and TPA.

PreRequisites: Must have data stored in FSVeg-spatial tables
Results: A local copy of veg polys with the following data attached:
   spatial_id (vegpoly)
   stand_id (calc from vegpoly)
   poly_id (vegpoly)
   region_admin (vegpoly)
   forest_admin (vegpoly)
   district_no (vegpoly)
   region_proc (vegpoly)
   forest_proc (vegpoly)
   location (vegpoly)
   setting_id         (vegpoly)
   num_exams          (vegpoly)
   USGS_anderson_1    (vegpoly)
   USGS_anderson_2    (vegpoly)
   acres_manual       (vegpoly)
   acres              (vegpoly)
   agency             (vegpoly)
   slope_position     (vegcharacterizations)
   slope_shape_vert   (vegcharacterizations)
   tree_height_avg    (vegcharacterizations)
   canopy_closure_trees (vegcharacterizations)
   stand_condition_ref (vegcharacterizations)
   stand_condition_code (vegcharacterizations)
   stand_cond_desc    (vegcharacterizations)
   sample_date        (vegpoly)
   ev_ref_code        (vegpoly)
   ev_code            (vegpoly)
   ev_name            (nrv_ev_cover_types)
   pv_ref_code        (vegpoly)
   pv_code            (vegpoly)
   pv_name            (nrv_pv_cover_types)
   mgmt_type_ref_code        (vegpoly)
   mgmt_type_ev_code            (vegpoly)
   mgmt_type_ev_name            (nrv_ev_cover_types)
   pag_ref            (vegcharacterizations)
   pag_code           (vegcharacterizations)
   site_index_spp     (vegcharacterizations)
   site_index         (vegcharacterizations)
   year_of_origin     (vegcharacterizations)
   stand_age          (calc from vegcharacterizations)
   nfs_land_class     (vegcharacterizations)
   dbh                (vegcharacterizations)
   tpa                (vegcharacterizations)
   tree_layer_structure (vegcharacterizations)
   stocking_percent   (vegcharacterizations)
   management_productivity (vegcharacterizations)
   purpose_code       (vegpoly)
   merch_cubic_gross   (vegcharacterizations)
   exam_sample_age    (calc from vegpoly)
   fire_regime        (vegcharacterizations)
   condition_class    (vegcharacterizations)
   crowning_index     (vegcharacterizations)
   crown_fire         (vegcharacterizations)
   down_woody         (vegcharacterizations)
   duff_litter_depth   (vegcharacterizations)
   fuel_depth (vegcharacterizations)
   fuel_photo_reference (vegcharacterizations)
   residue_desc_code (vegcharacterizations)
   haz_rating (vegcharacterizations)
   aspect_degrees (veggiscalcs)
   elevation_feet     (veggiscalcs)
   slope_percent      (veggiscalcs)
   remarks            (vegcharacterizations)
       SIZE_DENSITY   &lt;R9 Regional variabes&gt;
       VEGETATION_TYPE
       ANIMAL_HABITAT_TYPE
       KIRTLAND_WARBLER_MNGMNT_AREA
       FUEL_TREATMENT_AREAS
       OPERABILITY
       MNGMNT_OBJECTIVE
       YEAR_AVAILABLE_FOR_HARVEST
       GRAPE_VINES_PER_ACRE
       EFFECTIVE_AGE
   Poly_to_FSVeg (setting_measurements)
   modified_by (vegpoly)
   modified_date (vegpoly)
DetailsUrl: http://fsweb.nris.fs.fed.us/products/FSVeg_Spatial/documentation.shtml
StandardsUrl: 
Contact: R9_REGIONALOFFICE
CreatedBy: 
CreatedDate: 8/18/2009 1:48:17 PM
ModifiedBy: EODONNELL02
ModifiedDate: 5/22/2017 3:04:50 PM

Assigned Keywords: 
Vegetation


Conn Set at Report Generation: Citrix Superior Connection Set

</srcDesc><srcCitatn><resTitle>FSVeg-Sp R09 Extract Vegetation Polygons RSW</resTitle></srcCitatn><srcExt><exDesc>publication date</exDesc><tempEle><TempExtent><exTemp><TM_Instant><tmPosition>2020-01-29</tmPosition></TM_Instant></exTemp></TempExtent></tempEle></srcExt></dataSource><prcStep><stepDesc>Process Step for FSVeg-Sp R09 Extract Vegetation Polygons RSW: 
Step Name: FSVeg-Sp R09 Extract Vegetation Polygons
Step Type: RSW
Sequence: 1
Required: True
Minimum Inputs: 2
Is Distributed: N
Help ID: 290
Output Feature Template: FSVegSpR09ExtractVegetationPolygonsRSW
Do not prompt user for selection: True
Each run has own output: False
Input Feature Template: FSVeg-Sp Vegetation Polygons
Feature Include Fields: (None)
Feature Join Field: SPATIAL_ID
Query Join Field: SPATIAL_ID
Dyn Seg Mode: None
Join Cardinality: OneToMany
Is Outer Join: False
Rt Bmp: 
Rt Emp: 

Query Name: qryRswFSVegSpR09ExtractVegetationPolygons

Query will run on 'NRM Oracle FSVeg Sp Superior NF' connection in the current conn set.

SQL: 

with vu as (select substr(vpdunit_id,1,2) region_admin,
               substr(vpdunit_id, 3, 2) forest_admin,
               vpdunit_id
          from fs_nris_fsveg.nrv_spatial_installations p
         where p.schema_name || '.' = 'gi$currentSchema$.')

select vp.spatial_id, 
       vu.region_admin || vu.forest_admin || vp.district_no || vp.location || 
          lpad(to_char(vp.poly_id),3,'0') stand_id, 
       vp.poly_id,
       vu.region_admin,
       vu.forest_admin,
       vp.district_no,
       vp.region_proc,
       vp.forest_proc,
       vp.location, 
       vp.setting_id,
       vp.num_exams,
       vp.Usgs_anderson_1,
       vp.Usgs_anderson_2,
       vp.acres_manual,
       vp.acres,
       vp.agency,
       vc.slope_position,
       vc.slope_shape_vert,
       vc.tree_height_avg,
       vc.canopy_closure_trees,
       vc.stand_condition_ref,
       vc.stand_condition_code,
       sd.stand_cond_desc,
       vp.sample_date,
       vc.ev_ref_code,
       vc.ev_code,
       ev.common_name ev_name,
       vc.pv_ref_code,
       vc.pv_code,
       pv.common_name pv_name,
      vc.management_type_ev_ref "Mgmt_Type_EV_Ref",
      vc.management_type_ev_code "Mgmt_Type_EV_Code",
      mv.common_name "Mgmt_Type_EV_Desc",
      vc.pag_ref,
      vc.pag_code,
       vc.basal_area,
       vc.site_index_spp,
       vc.site_index,
       vc.year_of_origin,
       to_number(to_char(sysdate,'YYYY')) - vc.year_of_origin stand_age,
       vc.nfs_land_class,
       vc.dbh,
       vc.tpa,
       vc.tree_layer_structure,
       vc.stocking_percent,
       vc.management_productivity,
       vp.purpose_code,
       vc.merch_cubic_gross,
       case 
         when vp.sample_date is not null and (to_number(to_char(sysdate,'YYYY')) - 
           to_number(to_char(vp.sample_date,'YYYY')) &gt;= 0) then
           to_number(to_char(sysdate,'YYYY')) - to_number(to_char(vp.sample_date,'YYYY')) 
         else null 
       end exam_sample_age,
       vc.fire_regime,
       vc.condition_class,
       vc.crowning_index,
       vc.crown_fire,
       vc.down_woody,
       vc.duff_litter_depth,
       vc.fuel_depth,
       vc.fuel_photo_reference,
       vc.residue_desc_code,
       vc.haz_rating,
       /*vc.timber_suitability_ref,
       vc.timber_suitability_code,
       vc.timber_suit_recommend_code,*/
       vgc.elevation_feet,
       vgc.slope_percent,
       vc.remarks remarks,
       vp.sample_recorder,
       vpl.SIZE_DENSITY,
       vpl.VEGETATION_TYPE,
       vpl.ANIMAL_HABITAT_TYPE,
       vpl.KIRTLAND_WARBLER_MNGMNT_AREA,
       vpl.FUEL_TREATMENT_AREAS,
       vpl.OPERABILITY,
       vpl.MNGMNT_OBJECTIVE,
       vpl.YEAR_AVAILABLE_FOR_HARVEST,
       vpl.GRAPE_VINES_PER_ACRE,
       vpl.EFFECTIVE_AGE,
       vpl.NEPA_NAME,
       vpl.NEPA_DATE,
       vpl.OLD_GROWTH_86,
       vpl.OLD_GROWTH,
       vpl.LANDSCAPE_ECOSYSTEM,
       vpl.TLSC_MODIFIER,
       vpl.WET_DRY,
       case
         when sm.setting_id is not null then 'Linked'
         else 'Not Linked' end "Poly_to_FSVeg",
       vp.created_by,
       trunc(vp.created_date) created_date,
       vp.modified_by,
       trunc(nvl(vp.modified_date,vp.created_date)) modified_date,
       vu.region_admin || vu.forest_admin "FS_Unit_ID"
  from vu,
       gi$currentSchema$.nris_vegpoly_aprv vp
  left outer join  gi$currentSchema$.nris_vegcharacterizations_aprv vc
    on vp.spatial_id = vc.spatial_id
  /*left outer join  gi$currentSchema$.nris_vegpolylinks_aprv vpk
    on vp.spatial_id = vpk.spatial_id */
  left outer join  gi$currentSchema$.nris_vegpolylocal_aprv vpl
    on vp.spatial_id = vpl.SPATIAL_ID
  left outer join gi$currentSchema$.nris_veggiscalcs_aprv  vgc
    on vp.spatial_id = vgc.spatial_id
  left outer join (select distinct sm1.setting_id
                     from nrv_setting_measurements sm1
                    where sm1.setmeas_cn_of is null
                      and sm1.vpdunit_id =
                          (select vpdunit_id from vu)
                    order by 1) sm
    on vp.SETTING_ID = sm.setting_id
  left outer join nrv_ev_cover_types ev
    on (vc.ev_ref_code = ev.ref_code and vc.ev_code =  ev.ev_code)
  left outer join nrv_pv_cover_types pv
    on (vc.pv_ref_code = pv.ref_code and vc.pv_code =  pv.pv_code)
  left outer join nrv_ev_cover_types mv
    on (vc.management_type_ev_ref = mv.ref_code and vc.management_type_ev_code =  mv.ev_code)
  left outer join (select ref_code,domain_value  stand_cond_code, value_description stand_cond_desc
                     from nrv_spatial_domain_vm 
                      where spatial_usage =  'STAND_CONDITION_REF' 
                         and code_column_name =  'STAND_CONDITION_CODE') sd
    on (vc.stand_condition_ref = sd.ref_code and
       vc.stand_condition_code = sd.stand_cond_code)
 where 1 = 1
 ORDER BY vp.spatial_id


Parameters (0): 

Column Options:

   Column Name: remarks
   Length: Max

</stepDesc><stepDateTm>2020-01-29</stepDateTm><stepProc><rpOrgName>USDA Forest Service</rpOrgName></stepProc><stepSrc type="used"><srcCitatn><resTitle>FSVeg-Sp R09 Extract Vegetation Polygons RSW</resTitle></srcCitatn></stepSrc><stepSrc type="used"><srcCitatn><resTitle>FSVeg-Sp Vegetation Polygons</resTitle><resAltTitle>SERVER=iwebdb.fs.usda.gov;INSTANCE=sde:oracle:iwebdb.fs.usda.gov;DBCLIENT=oracle;USER=FS_PUBLIC_READ;VERSION=NRV_SPATIAL_APP_USER.NRV_APPROVED_0909\S_R09_SNF.NRIS_Veg\S_R09_SNF.NRIS_VegPoly</resAltTitle></srcCitatn><srcExt><exDesc>publication date</exDesc><tempEle><TempExtent><exTemp><TM_Instant><tmPosition>2020-01-29</tmPosition></TM_Instant></exTemp></TempExtent></tempEle></srcExt></stepSrc><stepSrc type="used"><srcDesc>Resolved Query SQL: 
with vu as (select substr(vpdunit_id,1,2) region_admin,                 substr(vpdunit_id, 3, 2) forest_admin,                 vpdunit_id            from fs_nris_fsveg.nrv_spatial_installations p           where p.schema_name || '.' = 'S_R09_SNF.')    select vp.spatial_id,          vu.region_admin || vu.forest_admin || vp.district_no || vp.location ||             lpad(to_char(vp.poly_id),3,'0') stand_id,          vp.poly_id,         vu.region_admin,         vu.forest_admin,         vp.district_no,         vp.region_proc,         vp.forest_proc,         vp.location,          vp.setting_id,         vp.num_exams,         vp.Usgs_anderson_1,         vp.Usgs_anderson_2,         vp.acres_manual,         vp.acres,         vp.agency,         vc.slope_position,         vc.slope_shape_vert,         vc.tree_height_avg,         vc.canopy_closure_trees,         vc.stand_condition_ref,         vc.stand_condition_code,         sd.stand_cond_desc,         vp.sample_date,         vc.ev_ref_code,         vc.ev_code,         ev.common_name ev_name,         vc.pv_ref_code,         vc.pv_code,         pv.common_name pv_name,        vc.management_type_ev_ref "Mgmt_Type_EV_Ref",        vc.management_type_ev_code "Mgmt_Type_EV_Code",        mv.common_name "Mgmt_Type_EV_Desc",        vc.pag_ref,        vc.pag_code,         vc.basal_area,         vc.site_index_spp,         vc.site_index,         vc.year_of_origin,         to_number(to_char(sysdate,'YYYY')) - vc.year_of_origin stand_age,         vc.nfs_land_class,         vc.dbh,         vc.tpa,         vc.tree_layer_structure,         vc.stocking_percent,         vc.management_productivity,         vp.purpose_code,         vc.merch_cubic_gross,         case            when vp.sample_date is not null and (to_number(to_char(sysdate,'YYYY')) -              to_number(to_char(vp.sample_date,'YYYY')) &gt;= 0) then             to_number(to_char(sysdate,'YYYY')) - to_number(to_char(vp.sample_date,'YYYY'))            else null          end exam_sample_age,         vc.fire_regime,         vc.condition_class,         vc.crowning_index,         vc.crown_fire,         vc.down_woody,         vc.duff_litter_depth,         vc.fuel_depth,         vc.fuel_photo_reference,         vc.residue_desc_code,         vc.haz_rating,         /*vc.timber_suitability_ref,         vc.timber_suitability_code,         vc.timber_suit_recommend_code,*/         vgc.elevation_feet,         vgc.slope_percent,         vc.remarks remarks,         vp.sample_recorder,         vpl.SIZE_DENSITY,         vpl.VEGETATION_TYPE,         vpl.ANIMAL_HABITAT_TYPE,         vpl.KIRTLAND_WARBLER_MNGMNT_AREA,         vpl.FUEL_TREATMENT_AREAS,         vpl.OPERABILITY,         vpl.MNGMNT_OBJECTIVE,         vpl.YEAR_AVAILABLE_FOR_HARVEST,         vpl.GRAPE_VINES_PER_ACRE,         vpl.EFFECTIVE_AGE,         vpl.NEPA_NAME,         vpl.NEPA_DATE,         vpl.OLD_GROWTH_86,         vpl.OLD_GROWTH,         vpl.LANDSCAPE_ECOSYSTEM,         vpl.TLSC_MODIFIER,         vpl.WET_DRY,         case           when sm.setting_id is not null then 'Linked'           else 'Not Linked' end "Poly_to_FSVeg",         vp.created_by,         trunc(vp.created_date) created_date,         vp.modified_by,         trunc(nvl(vp.modified_date,vp.created_date)) modified_date,         vu.region_admin || vu.forest_admin "FS_Unit_ID"    from vu,         S_R09_SNF.nris_vegpoly_aprv vp    left outer join  S_R09_SNF.nris_vegcharacterizations_aprv vc      on vp.spatial_id = vc.spatial_id    /*left outer join  S_R09_SNF.nris_vegpolylinks_aprv vpk      on vp.spatial_id = vpk.spatial_id */    left outer join  S_R09_SNF.nris_vegpolylocal_aprv vpl      on vp.spatial_id = vpl.SPATIAL_ID    left outer join S_R09_SNF.nris_veggiscalcs_aprv  vgc      on vp.spatial_id = vgc.spatial_id    left outer join (select distinct sm1.setting_id                       from nrv_setting_measurements sm1                      where sm1.setmeas_cn_of is null                        and sm1.vpdunit_id =                            (select vpdunit_id from vu)                      order by 1) sm      on vp.SETTING_ID = sm.setting_id    left outer join nrv_ev_cover_types ev      on (vc.ev_ref_code = ev.ref_code and vc.ev_code =  ev.ev_code)    left outer join nrv_pv_cover_types pv      on (vc.pv_ref_code = pv.ref_code and vc.pv_code =  pv.pv_code)    left outer join nrv_ev_cover_types mv      on (vc.management_type_ev_ref = mv.ref_code and vc.management_type_ev_code =  mv.ev_code)    left outer join (select ref_code,domain_value  stand_cond_code, value_description stand_cond_desc                       from nrv_spatial_domain_vm                         where spatial_usage =  'STAND_CONDITION_REF'                            and code_column_name =  'STAND_CONDITION_CODE') sd      on (vc.stand_condition_ref = sd.ref_code and         vc.stand_condition_code = sd.stand_cond_code)   where 1 = 1   ORDER BY vp.spatial_id</srcDesc><srcCitatn><resTitle>qryRswFSVegSpR09ExtractVegetationPolygons</resTitle></srcCitatn><srcExt><exDesc>publication date</exDesc><tempEle><TempExtent><exTemp><TM_Instant><tmPosition>2020-01-29</tmPosition></TM_Instant></exTemp></TempExtent></tempEle></srcExt></stepSrc><stepSrc type="produced"><srcCitatn><resTitle>T:\FS\NFS\Superior\Project\LAC\TimberVeg\Jeanette\GIS\Workspace\EGrebner\NewGI\FSVegSpVegPolygons.mdb\FSVegSpR09ExtractVegetationPolygonsRSW</resTitle></srcCitatn></stepSrc></prcStep></dataLineage></dqInfo><mdChar><CharSetCd value="004" Sync="TRUE"></CharSetCd></mdChar></metadata>
