<?xml version="1.0" encoding="UTF-8"?>
<metadata xml:lang="en"><Esri><CreaDate>20210115</CreaDate><CreaTime>16130100</CreaTime><ArcGISFormat>1.0</ArcGISFormat><SyncOnce>TRUE</SyncOnce><DataProperties><lineage><Process ToolSource="e:\arcgis\desktop10.7\ArcToolbox\Toolboxes\Spatial Analyst Tools.tbx\ExtractByMask" Date="20210115" Time="161301">ExtractByMask LiDAR01_dns_3to5m AOI2_3 T:\FS\NFS\Superior\Program\2600WildlifeMgmt\GIS\Workspaces\smalickwahls\DataBirdsofPrey\Owls\GGOWRstudio\aoi2_3\classDNS3_5</Process></lineage></DataProperties></Esri></metadata>
